reporting_period,maintenance_activity,maintenance_asset_subcategory,source_currency_unit,routine_maintenance_expenditure,non_routine_maintenance_expenditure,source_workbook,source_sheet,source_row
2020-21,Transmission lines maintenance,Transmission towers,$0's,805691.2766917964,938109.7639208642,AusNet (T) 2020-21 - Category Analysis - RIN Response - Consolidated - 29 July 2021 - PU(12595757.1).xlsx,2.8 Maintenance,50
2020-21,Transmission lines maintenance,Transmission tower support structures,$0's,249660.1924483811,104794.97872496456,AusNet (T) 2020-21 - Category Analysis - RIN Response - Consolidated - 29 July 2021 - PU(12595757.1).xlsx,2.8 Maintenance,51
2020-21,Transmission lines maintenance,Conductors,$0's,1301577.8191408718,126928.4625234925,AusNet (T) 2020-21 - Category Analysis - RIN Response - Consolidated - 29 July 2021 - PU(12595757.1).xlsx,2.8 Maintenance,52
2020-21,Transmission lines maintenance,Transmission cables,$0's,7727.256762510452,35359.77096944002,AusNet (T) 2020-21 - Category Analysis - RIN Response - Consolidated - 29 July 2021 - PU(12595757.1).xlsx,2.8 Maintenance,53
2020-21,Substations equipment & property maintenance,Substation switchbays (incl. Reactive plant),$0's,2718726.328680422,2782992.6607578387,AusNet (T) 2020-21 - Category Analysis - RIN Response - Consolidated - 29 July 2021 - PU(12595757.1).xlsx,2.8 Maintenance,54
2020-21,Substations equipment & property maintenance,Substation power transformers,$0's,1804333.001472167,2396225.946977211,AusNet (T) 2020-21 - Category Analysis - RIN Response - Consolidated - 29 July 2021 - PU(12595757.1).xlsx,2.8 Maintenance,55
2020-21,Substations equipment & property maintenance,Substation property,$0's,373523.9204519498,2917832.530940347,AusNet (T) 2020-21 - Category Analysis - RIN Response - Consolidated - 29 July 2021 - PU(12595757.1).xlsx,2.8 Maintenance,56
2020-21,SCADA & network control maintenance,SCADA & network control maintenance,$0's,494177.9992198432,602762.492704215,AusNet (T) 2020-21 - Category Analysis - RIN Response - Consolidated - 29 July 2021 - PU(12595757.1).xlsx,2.8 Maintenance,57
2020-21,Protection systems maintenance,Protection systems maintenance,$0's,610452.9461243512,1055964.482481628,AusNet (T) 2020-21 - Category Analysis - RIN Response - Consolidated - 29 July 2021 - PU(12595757.1).xlsx,2.8 Maintenance,58
2020-21,Other maintenance activity ,,$0's,,,AusNet (T) 2020-21 - Category Analysis - RIN Response - Consolidated - 29 July 2021 - PU(12595757.1).xlsx,2.8 Maintenance,59
2021-22,Transmission lines maintenance,Transmission towers,$0's,1151669.7852612073,177756.19650105143,AusNet (T) 2021-22 - Category Analysis - RIN Response - Consolidated - 28 July 2022 - PUBLIC(14205738.1).xlsx,2.8 Maintenance,50
2021-22,Transmission lines maintenance,Transmission tower support structures,$0's,282416.586784404,23167.900443144543,AusNet (T) 2021-22 - Category Analysis - RIN Response - Consolidated - 28 July 2022 - PUBLIC(14205738.1).xlsx,2.8 Maintenance,51
2021-22,Transmission lines maintenance,Conductors,$0's,984155.4841027941,5306.700985895725,AusNet (T) 2021-22 - Category Analysis - RIN Response - Consolidated - 28 July 2022 - PUBLIC(14205738.1).xlsx,2.8 Maintenance,52
2021-22,Transmission lines maintenance,Transmission cables,$0's,0.0,3339.4102755443664,AusNet (T) 2021-22 - Category Analysis - RIN Response - Consolidated - 28 July 2022 - PUBLIC(14205738.1).xlsx,2.8 Maintenance,53
2021-22,Substations equipment & property maintenance,Substation switchbays (incl. Reactive plant),$0's,4635055.651136602,6708283.324724818,AusNet (T) 2021-22 - Category Analysis - RIN Response - Consolidated - 28 July 2022 - PUBLIC(14205738.1).xlsx,2.8 Maintenance,54
2021-22,Substations equipment & property maintenance,Substation power transformers,$0's,1167823.426612792,2158755.4960138574,AusNet (T) 2021-22 - Category Analysis - RIN Response - Consolidated - 28 July 2022 - PUBLIC(14205738.1).xlsx,2.8 Maintenance,55
2021-22,Substations equipment & property maintenance,Substation property,$0's,908839.0131524244,3291536.1167618306,AusNet (T) 2021-22 - Category Analysis - RIN Response - Consolidated - 28 July 2022 - PUBLIC(14205738.1).xlsx,2.8 Maintenance,56
2021-22,SCADA & network control maintenance,SCADA & network control maintenance,$0's,514547.98277334135,186549.55619921073,AusNet (T) 2021-22 - Category Analysis - RIN Response - Consolidated - 28 July 2022 - PUBLIC(14205738.1).xlsx,2.8 Maintenance,57
2021-22,Protection systems maintenance,Protection systems maintenance,$0's,761087.580176445,228260.25809465014,AusNet (T) 2021-22 - Category Analysis - RIN Response - Consolidated - 28 July 2022 - PUBLIC(14205738.1).xlsx,2.8 Maintenance,58
2021-22,Other maintenance activity ,,$0's,,,AusNet (T) 2021-22 - Category Analysis - RIN Response - Consolidated - 28 July 2022 - PUBLIC(14205738.1).xlsx,2.8 Maintenance,59
2022-23,Transmission lines maintenance,Transmission towers,$0's,303350.63676480687,186151.83967390636,Ausnet Services (ET) 2022-23 - Category Analysis - RIN Response - Consolidated - 28 July 2023 - PUBLIC(15600825.1).xlsx,2.8 Maintenance,50
2022-23,Transmission lines maintenance,Transmission tower support structures,$0's,431111.26239509124,31542.373881132124,Ausnet Services (ET) 2022-23 - Category Analysis - RIN Response - Consolidated - 28 July 2023 - PUBLIC(15600825.1).xlsx,2.8 Maintenance,51
2022-23,Transmission lines maintenance,Conductors,$0's,649550.3322267368,11125.308224171335,Ausnet Services (ET) 2022-23 - Category Analysis - RIN Response - Consolidated - 28 July 2023 - PUBLIC(15600825.1).xlsx,2.8 Maintenance,52
2022-23,Transmission lines maintenance,Transmission cables,$0's,2811.911978976268,5973.351785336195,Ausnet Services (ET) 2022-23 - Category Analysis - RIN Response - Consolidated - 28 July 2023 - PUBLIC(15600825.1).xlsx,2.8 Maintenance,53
2022-23,Substations equipment & property maintenance,Substation switchbays (incl. Reactive plant),$0's,5181950.527072666,8463584.843790919,Ausnet Services (ET) 2022-23 - Category Analysis - RIN Response - Consolidated - 28 July 2023 - PUBLIC(15600825.1).xlsx,2.8 Maintenance,54
2022-23,Substations equipment & property maintenance,Substation power transformers,$0's,1032729.1031327125,873400.8477039216,Ausnet Services (ET) 2022-23 - Category Analysis - RIN Response - Consolidated - 28 July 2023 - PUBLIC(15600825.1).xlsx,2.8 Maintenance,55
2022-23,Substations equipment & property maintenance,Substation property,$0's,451981.2991740275,891420.6670553482,Ausnet Services (ET) 2022-23 - Category Analysis - RIN Response - Consolidated - 28 July 2023 - PUBLIC(15600825.1).xlsx,2.8 Maintenance,56
2022-23,SCADA & network control maintenance,SCADA & network control maintenance,$0's,620701.7028938896,153568.09177399485,Ausnet Services (ET) 2022-23 - Category Analysis - RIN Response - Consolidated - 28 July 2023 - PUBLIC(15600825.1).xlsx,2.8 Maintenance,57
2022-23,Protection systems maintenance,Protection systems maintenance,$0's,651916.9743609835,1040363.1461111241,Ausnet Services (ET) 2022-23 - Category Analysis - RIN Response - Consolidated - 28 July 2023 - PUBLIC(15600825.1).xlsx,2.8 Maintenance,58
2022-23,Other maintenance activity ,,$0's,,,Ausnet Services (ET) 2022-23 - Category Analysis - RIN Response - Consolidated - 28 July 2023 - PUBLIC(15600825.1).xlsx,2.8 Maintenance,59
2023-24,Transmission lines maintenance,Transmission towers,$,767347.1720707123,2259402.663702387,Ausnet Services (ET) 2023-24 - Category Analysis - RIN Response - Consolidated - 26 July 2024 - PUBLIC(17069098.2).xlsx,2.8 Maintenance,51
2023-24,Transmission lines maintenance,Transmission tower support structures,$,221107.54327607199,29938.777759029042,Ausnet Services (ET) 2023-24 - Category Analysis - RIN Response - Consolidated - 26 July 2024 - PUBLIC(17069098.2).xlsx,2.8 Maintenance,52
2023-24,Transmission lines maintenance,Conductors,$,0.0,114.46207713950636,Ausnet Services (ET) 2023-24 - Category Analysis - RIN Response - Consolidated - 26 July 2024 - PUBLIC(17069098.2).xlsx,2.8 Maintenance,53
2023-24,Transmission lines maintenance,Transmission cables,$,124433.2806590153,6188.694593488294,Ausnet Services (ET) 2023-24 - Category Analysis - RIN Response - Consolidated - 26 July 2024 - PUBLIC(17069098.2).xlsx,2.8 Maintenance,54
2023-24,Substations equipment & property maintenance,Substation switchbays (incl. Reactive plant),$,2622187.4477434964,3004854.5385221564,Ausnet Services (ET) 2023-24 - Category Analysis - RIN Response - Consolidated - 26 July 2024 - PUBLIC(17069098.2).xlsx,2.8 Maintenance,55
2023-24,Substations equipment & property maintenance,Substation power transformers,$,2060587.3099249564,1138987.2617007678,Ausnet Services (ET) 2023-24 - Category Analysis - RIN Response - Consolidated - 26 July 2024 - PUBLIC(17069098.2).xlsx,2.8 Maintenance,56
2023-24,Substations equipment & property maintenance,Substation property,$,7873801.517888695,546453.2271714616,Ausnet Services (ET) 2023-24 - Category Analysis - RIN Response - Consolidated - 26 July 2024 - PUBLIC(17069098.2).xlsx,2.8 Maintenance,57
2023-24,SCADA & network control maintenance,SCADA & network control maintenance,$,972460.0689325117,607190.9563218385,Ausnet Services (ET) 2023-24 - Category Analysis - RIN Response - Consolidated - 26 July 2024 - PUBLIC(17069098.2).xlsx,2.8 Maintenance,58
2023-24,Protection systems maintenance,Protection systems maintenance,$,1242040.8695045537,1011388.4081517302,Ausnet Services (ET) 2023-24 - Category Analysis - RIN Response - Consolidated - 26 July 2024 - PUBLIC(17069098.2).xlsx,2.8 Maintenance,59
2023-24,Other maintenance activity ,,$,,,Ausnet Services (ET) 2023-24 - Category Analysis - RIN Response - Consolidated - 26 July 2024 - PUBLIC(17069098.2).xlsx,2.8 Maintenance,60
2013-14,Transmission lines maintenance,Transmission towers,$000's,4549.413082222306,5236.667338758201,Copy of D14-00150087(V02) - transgrid (t) 2013-14 - category analysis rin response - templates - consolidated - 31 october 2014 - public.xlsm,2.8 Maintenance,12
2013-14,Transmission lines maintenance,Transmission tower support structures,$000's,0.0,0.0,Copy of D14-00150087(V02) - transgrid (t) 2013-14 - category analysis rin response - templates - consolidated - 31 october 2014 - public.xlsm,2.8 Maintenance,13
2013-14,Transmission lines maintenance,Conductors,$000's,2.6113454210315066,614.8002147956536,Copy of D14-00150087(V02) - transgrid (t) 2013-14 - category analysis rin response - templates - consolidated - 31 october 2014 - public.xlsm,2.8 Maintenance,14
2013-14,Transmission lines maintenance,Transmission cables,$000's,627.0232083342564,36.35763046855267,Copy of D14-00150087(V02) - transgrid (t) 2013-14 - category analysis rin response - templates - consolidated - 31 october 2014 - public.xlsm,2.8 Maintenance,15
2013-14,Substations equipment & property maintenance,Substation switchbays (incl. Reactive plant),$000's,3638.4140282975704,5284.76597032921,Copy of D14-00150087(V02) - transgrid (t) 2013-14 - category analysis rin response - templates - consolidated - 31 october 2014 - public.xlsm,2.8 Maintenance,16
2013-14,Substations equipment & property maintenance,Substation power transformers,$000's,1855.4837057306408,2125.1301626187756,Copy of D14-00150087(V02) - transgrid (t) 2013-14 - category analysis rin response - templates - consolidated - 31 october 2014 - public.xlsm,2.8 Maintenance,17
2013-14,Substations equipment & property maintenance,Substation property,$000's,5196.232112261111,10917.712380762681,Copy of D14-00150087(V02) - transgrid (t) 2013-14 - category analysis rin response - templates - consolidated - 31 october 2014 - public.xlsm,2.8 Maintenance,18
2013-14,SCADA & network control maintenance,SCADA & network control maintenance,$000's,743.3871182787794,79.72055028272796,Copy of D14-00150087(V02) - transgrid (t) 2013-14 - category analysis rin response - templates - consolidated - 31 october 2014 - public.xlsm,2.8 Maintenance,19
2013-14,Protection systems maintenance,Protection systems maintenance,$000's,2382.12056033347,1045.8469953498789,Copy of D14-00150087(V02) - transgrid (t) 2013-14 - category analysis rin response - templates - consolidated - 31 october 2014 - public.xlsm,2.8 Maintenance,20
2013-14,Other maintenance activity ,TELECOMMUNICATIONS SYSTEMS,$000's,1326.1644262373127,5405.9533252011815,Copy of D14-00150087(V02) - transgrid (t) 2013-14 - category analysis rin response - templates - consolidated - 31 october 2014 - public.xlsm,2.8 Maintenance,21
2013-14,,METERING SYSTEMS,$000's,1036.0174247232812,445.3766195933654,Copy of D14-00150087(V02) - transgrid (t) 2013-14 - category analysis rin response - templates - consolidated - 31 october 2014 - public.xlsm,2.8 Maintenance,22
2013-14,,TRANSMISSION LINES MAINTENANCE ACCESS TRACKS,$000's,841.5559081810125,2382.2302083608033,Copy of D14-00150087(V02) - transgrid (t) 2013-14 - category analysis rin response - templates - consolidated - 31 october 2014 - public.xlsm,2.8 Maintenance,23
2015-16,Transmission lines maintenance,Transmission towers,$0's,2009278.6005934,7210284.13744427,Copy of D16 147530(V3)  ElectraNet 2015-16 - Category Analysis RIN Response - Public Version - 31 October 2016 - PUBLIC.xlsm,2.8 Maintenance,50
2015-16,Transmission lines maintenance,Transmission tower support structures,$0's,1001427.27027129,3378776.73421985,Copy of D16 147530(V3)  ElectraNet 2015-16 - Category Analysis RIN Response - Public Version - 31 October 2016 - PUBLIC.xlsm,2.8 Maintenance,51
2015-16,Transmission lines maintenance,Conductors,$0's,235864.239010056,1872118.8886096799,Copy of D16 147530(V3)  ElectraNet 2015-16 - Category Analysis RIN Response - Public Version - 31 October 2016 - PUBLIC.xlsm,2.8 Maintenance,52
2015-16,Transmission lines maintenance,Transmission cables,$0's,486821.910125254,122007.499726203,Copy of D16 147530(V3)  ElectraNet 2015-16 - Category Analysis RIN Response - Public Version - 31 October 2016 - PUBLIC.xlsm,2.8 Maintenance,53
2015-16,Substations equipment & property maintenance,Substation switchbays (incl. Reactive plant),$0's,2166651.9647527896,4253544.14582415,Copy of D16 147530(V3)  ElectraNet 2015-16 - Category Analysis RIN Response - Public Version - 31 October 2016 - PUBLIC.xlsm,2.8 Maintenance,54
2015-16,Substations equipment & property maintenance,Substation power transformers,$0's,976159.5582476769,2288707.53153679,Copy of D16 147530(V3)  ElectraNet 2015-16 - Category Analysis RIN Response - Public Version - 31 October 2016 - PUBLIC.xlsm,2.8 Maintenance,55
2015-16,Substations equipment & property maintenance,Substation property,$0's,3913646.76699953,4078865.8826390603,Copy of D16 147530(V3)  ElectraNet 2015-16 - Category Analysis RIN Response - Public Version - 31 October 2016 - PUBLIC.xlsm,2.8 Maintenance,56
2015-16,SCADA & network control maintenance,SCADA & network control maintenance,$0's,1760423.29,270048.56,Copy of D16 147530(V3)  ElectraNet 2015-16 - Category Analysis RIN Response - Public Version - 31 October 2016 - PUBLIC.xlsm,2.8 Maintenance,57
2015-16,Protection systems maintenance,Protection systems maintenance,$0's,2048701.83,974846.04,Copy of D16 147530(V3)  ElectraNet 2015-16 - Category Analysis RIN Response - Public Version - 31 October 2016 - PUBLIC.xlsm,2.8 Maintenance,58
2015-16,Other maintenance activity ,Row Maintenance ,$0's,1872730.18,130082.79999999999,Copy of D16 147530(V3)  ElectraNet 2015-16 - Category Analysis RIN Response - Public Version - 31 October 2016 - PUBLIC.xlsm,2.8 Maintenance,59
2016-17,Transmission lines maintenance,Transmission towers,$0's,1562206.7935996205,9570469.938571462,Copy of D17 153782  ElectraNet 2016-17 - Category Analysis RIN - Template - 31 October 2017 - PUBLIC.xlsm,2.8 Maintenance,50
2016-17,Transmission lines maintenance,Transmission tower support structures,$0's,1454450.0905011678,3463140.6388111305,Copy of D17 153782  ElectraNet 2016-17 - Category Analysis RIN - Template - 31 October 2017 - PUBLIC.xlsm,2.8 Maintenance,51
2016-17,Transmission lines maintenance,Conductors,$0's,453582.3827922948,1816430.6389303135,Copy of D17 153782  ElectraNet 2016-17 - Category Analysis RIN - Template - 31 October 2017 - PUBLIC.xlsm,2.8 Maintenance,52
2016-17,Transmission lines maintenance,Transmission cables,$0's,461082.6331069165,17138.983687092703,Copy of D17 153782  ElectraNet 2016-17 - Category Analysis RIN - Template - 31 October 2017 - PUBLIC.xlsm,2.8 Maintenance,53
2016-17,Substations equipment & property maintenance,Substation switchbays (incl. Reactive plant),$0's,1695642.8516198865,3019848.5343423737,Copy of D17 153782  ElectraNet 2016-17 - Category Analysis RIN - Template - 31 October 2017 - PUBLIC.xlsm,2.8 Maintenance,54
2016-17,Substations equipment & property maintenance,Substation power transformers,$0's,786941.5309154363,1660064.3025820693,Copy of D17 153782  ElectraNet 2016-17 - Category Analysis RIN - Template - 31 October 2017 - PUBLIC.xlsm,2.8 Maintenance,55
2016-17,Substations equipment & property maintenance,Substation property,$0's,3418355.207464677,3360762.4830755573,Copy of D17 153782  ElectraNet 2016-17 - Category Analysis RIN - Template - 31 October 2017 - PUBLIC.xlsm,2.8 Maintenance,56
2016-17,SCADA & network control maintenance,SCADA & network control maintenance,$0's,2099512.68,488261.72,Copy of D17 153782  ElectraNet 2016-17 - Category Analysis RIN - Template - 31 October 2017 - PUBLIC.xlsm,2.8 Maintenance,57
2016-17,Protection systems maintenance,Protection systems maintenance,$0's,2384134.49,1236963.26,Copy of D17 153782  ElectraNet 2016-17 - Category Analysis RIN - Template - 31 October 2017 - PUBLIC.xlsm,2.8 Maintenance,58
2016-17,Other maintenance activity ,Right of way (Row Maintenance),$0's,1945579.0,93318.94,Copy of D17 153782  ElectraNet 2016-17 - Category Analysis RIN - Template - 31 October 2017 - PUBLIC.xlsm,2.8 Maintenance,59
2017-18,Transmission lines maintenance,Transmission towers,$0's,4177862.10514913,5675314.13182753,DORIS - D18-158142 Transgrid 2017-18 - Category Analysis RIN - Templates - Public.XLSM,2.8 Maintenance,50
2017-18,Transmission lines maintenance,Transmission tower support structures,$0's,,,DORIS - D18-158142 Transgrid 2017-18 - Category Analysis RIN - Templates - Public.XLSM,2.8 Maintenance,51
2017-18,Transmission lines maintenance,Conductors,$0's,28748.3889688488,343931.623777213,DORIS - D18-158142 Transgrid 2017-18 - Category Analysis RIN - Templates - Public.XLSM,2.8 Maintenance,52
2017-18,Transmission lines maintenance,Transmission cables,$0's,662774.294686661,689718.708652011,DORIS - D18-158142 Transgrid 2017-18 - Category Analysis RIN - Templates - Public.XLSM,2.8 Maintenance,53
2017-18,Substations equipment & property maintenance,Substation switchbays (incl. Reactive plant),$0's,1173863.00427586,3283259.88303203,DORIS - D18-158142 Transgrid 2017-18 - Category Analysis RIN - Templates - Public.XLSM,2.8 Maintenance,54
2017-18,Substations equipment & property maintenance,Substation power transformers,$0's,545966.136139566,798383.317680584,DORIS - D18-158142 Transgrid 2017-18 - Category Analysis RIN - Templates - Public.XLSM,2.8 Maintenance,55
2017-18,Substations equipment & property maintenance,Substation property,$0's,2469935.40054315,8052590.83557238,DORIS - D18-158142 Transgrid 2017-18 - Category Analysis RIN - Templates - Public.XLSM,2.8 Maintenance,56
2017-18,SCADA & network control maintenance,SCADA & network control maintenance,$0's,136809.594954812,331027.741679467,DORIS - D18-158142 Transgrid 2017-18 - Category Analysis RIN - Templates - Public.XLSM,2.8 Maintenance,57
2017-18,Protection systems maintenance,Protection systems maintenance,$0's,735456.972983647,1380826.43590891,DORIS - D18-158142 Transgrid 2017-18 - Category Analysis RIN - Templates - Public.XLSM,2.8 Maintenance,58
2017-18,Other maintenance activity ,Metering,$0's,482089.686120312,43819.1956546995,DORIS - D18-158142 Transgrid 2017-18 - Category Analysis RIN - Templates - Public.XLSM,2.8 Maintenance,59
2017-18,,Communications,$0's,298879.942721164,2993641.89730328,DORIS - D18-158142 Transgrid 2017-18 - Category Analysis RIN - Templates - Public.XLSM,2.8 Maintenance,60
2017-18,Transmission lines maintenance,Transmission towers,$0's,2515164.371675874,5874736.413742936,DORIS - D18-158267 ElectraNet 2017-18 - Category Analysis RIN - Template - Public.XLSM,2.8 Maintenance,50
2017-18,Transmission lines maintenance,Transmission tower support structures,$0's,1649465.6972125957,2271658.2473206692,DORIS - D18-158267 ElectraNet 2017-18 - Category Analysis RIN - Template - Public.XLSM,2.8 Maintenance,51
2017-18,Transmission lines maintenance,Conductors,$0's,626458.6092627628,1302510.387721392,DORIS - D18-158267 ElectraNet 2017-18 - Category Analysis RIN - Template - Public.XLSM,2.8 Maintenance,52
2017-18,Transmission lines maintenance,Transmission cables,$0's,235938.32184876784,199164.26121500094,DORIS - D18-158267 ElectraNet 2017-18 - Category Analysis RIN - Template - Public.XLSM,2.8 Maintenance,53
2017-18,Substations equipment & property maintenance,Substation switchbays (incl. Reactive plant),$0's,2225441.713219717,5400925.2048059385,DORIS - D18-158267 ElectraNet 2017-18 - Category Analysis RIN - Template - Public.XLSM,2.8 Maintenance,54
2017-18,Substations equipment & property maintenance,Substation power transformers,$0's,1043835.1014564371,2813243.165154318,DORIS - D18-158267 ElectraNet 2017-18 - Category Analysis RIN - Template - Public.XLSM,2.8 Maintenance,55
2017-18,Substations equipment & property maintenance,Substation property,$0's,4309324.585323845,3834776.610039743,DORIS - D18-158267 ElectraNet 2017-18 - Category Analysis RIN - Template - Public.XLSM,2.8 Maintenance,56
2017-18,SCADA & network control maintenance,SCADA & network control maintenance,$0's,2215616.06,663537.9099999999,DORIS - D18-158267 ElectraNet 2017-18 - Category Analysis RIN - Template - Public.XLSM,2.8 Maintenance,57
2017-18,Protection systems maintenance,Protection systems maintenance,$0's,2344982.17,1429107.9000000001,DORIS - D18-158267 ElectraNet 2017-18 - Category Analysis RIN - Template - Public.XLSM,2.8 Maintenance,58
2017-18,Other maintenance activity ,,$0's,,,DORIS - D18-158267 ElectraNet 2017-18 - Category Analysis RIN - Template - Public.XLSM,2.8 Maintenance,59
2017-18,,Row Maintenance,$0's,1868309.06,134253.11,DORIS - D18-158267 ElectraNet 2017-18 - Category Analysis RIN - Template - Public.XLSM,2.8 Maintenance,60
2018-19,Transmission lines maintenance,Transmission towers,$0's,994076.2956654347,6880611.581712978,ElectraNet 2018-19 - Category Analysis - RIN Response - Consolidated - 31 October 2019 - PUBLIC D19-175655.xlsx,2.8 Maintenance,50
2018-19,Transmission lines maintenance,Transmission tower support structures,$0's,1617614.6741036212,4969409.495663943,ElectraNet 2018-19 - Category Analysis - RIN Response - Consolidated - 31 October 2019 - PUBLIC D19-175655.xlsx,2.8 Maintenance,51
2018-19,Transmission lines maintenance,Conductors,$0's,454836.78895756346,715449.2474741903,ElectraNet 2018-19 - Category Analysis - RIN Response - Consolidated - 31 October 2019 - PUBLIC D19-175655.xlsx,2.8 Maintenance,52
2018-19,Transmission lines maintenance,Transmission cables,$0's,225361.77127338113,65255.13514888802,ElectraNet 2018-19 - Category Analysis - RIN Response - Consolidated - 31 October 2019 - PUBLIC D19-175655.xlsx,2.8 Maintenance,53
2018-19,Substations equipment & property maintenance,Substation switchbays (incl. Reactive plant),$0's,1602748.123932074,3474023.1777615887,ElectraNet 2018-19 - Category Analysis - RIN Response - Consolidated - 31 October 2019 - PUBLIC D19-175655.xlsx,2.8 Maintenance,54
2018-19,Substations equipment & property maintenance,Substation power transformers,$0's,1347494.2205976425,2278718.9252144117,ElectraNet 2018-19 - Category Analysis - RIN Response - Consolidated - 31 October 2019 - PUBLIC D19-175655.xlsx,2.8 Maintenance,55
2018-19,Substations equipment & property maintenance,Substation property,$0's,3945482.5354702836,3214370.187024,ElectraNet 2018-19 - Category Analysis - RIN Response - Consolidated - 31 October 2019 - PUBLIC D19-175655.xlsx,2.8 Maintenance,56
2018-19,SCADA & network control maintenance,SCADA & network control maintenance,$0's,2457409.29,426543.22,ElectraNet 2018-19 - Category Analysis - RIN Response - Consolidated - 31 October 2019 - PUBLIC D19-175655.xlsx,2.8 Maintenance,57
2018-19,Protection systems maintenance,Protection systems maintenance,$0's,2914166.19,1297531.01,ElectraNet 2018-19 - Category Analysis - RIN Response - Consolidated - 31 October 2019 - PUBLIC D19-175655.xlsx,2.8 Maintenance,58
2018-19,Other maintenance activity ,RIGHT OF WAY (ROW) MAINTENANCE,$0's,2105455.32,79228.40000000001,ElectraNet 2018-19 - Category Analysis - RIN Response - Consolidated - 31 October 2019 - PUBLIC D19-175655.xlsx,2.8 Maintenance,59
2019-20,Transmission lines maintenance,Transmission towers,$0's,1306314.492090787,7634433.802887562,ElectraNet 2019-20 - Category Analysis - RIN Response - Consolidated - 30 October 2020 - PUBLIC (#11672792).xlsx,2.8 Maintenance,50
2019-20,Transmission lines maintenance,Transmission tower support structures,$0's,1221250.0540978282,2210627.9938008096,ElectraNet 2019-20 - Category Analysis - RIN Response - Consolidated - 30 October 2020 - PUBLIC (#11672792).xlsx,2.8 Maintenance,51
2019-20,Transmission lines maintenance,Conductors,$0's,580093.7756964684,1659713.375585338,ElectraNet 2019-20 - Category Analysis - RIN Response - Consolidated - 30 October 2020 - PUBLIC (#11672792).xlsx,2.8 Maintenance,52
2019-20,Transmission lines maintenance,Transmission cables,$0's,485863.27811491524,88104.47772629201,ElectraNet 2019-20 - Category Analysis - RIN Response - Consolidated - 30 October 2020 - PUBLIC (#11672792).xlsx,2.8 Maintenance,53
2019-20,Substations equipment & property maintenance,Substation switchbays (incl. Reactive plant),$0's,1888640.5278221397,4090691.8162128897,ElectraNet 2019-20 - Category Analysis - RIN Response - Consolidated - 30 October 2020 - PUBLIC (#11672792).xlsx,2.8 Maintenance,54
2019-20,Substations equipment & property maintenance,Substation power transformers,$0's,1948530.9068821473,2032661.1106778383,ElectraNet 2019-20 - Category Analysis - RIN Response - Consolidated - 30 October 2020 - PUBLIC (#11672792).xlsx,2.8 Maintenance,55
2019-20,Substations equipment & property maintenance,Substation property,$0's,3324972.615295713,2338028.973109273,ElectraNet 2019-20 - Category Analysis - RIN Response - Consolidated - 30 October 2020 - PUBLIC (#11672792).xlsx,2.8 Maintenance,56
2019-20,SCADA & network control maintenance,SCADA & network control maintenance,$0's,2494035.13,373045.42,ElectraNet 2019-20 - Category Analysis - RIN Response - Consolidated - 30 October 2020 - PUBLIC (#11672792).xlsx,2.8 Maintenance,57
2019-20,Protection systems maintenance,Protection systems maintenance,$0's,2815939.23,1518224.6800000002,ElectraNet 2019-20 - Category Analysis - RIN Response - Consolidated - 30 October 2020 - PUBLIC (#11672792).xlsx,2.8 Maintenance,58
2019-20,Other maintenance activity ,RIGHT OF WAY ROW MAINTENANCE,$0's,1871316.77,81869.91,ElectraNet 2019-20 - Category Analysis - RIN Response - Consolidated - 30 October 2020 - PUBLIC (#11672792).xlsx,2.8 Maintenance,59
2020-21,Transmission lines maintenance,Transmission towers,$0's,1890651.4158296047,10223752.684535133,ElectraNet 2020-21 - Category Analysis - RIN Response - Consolidated - 29 October 2021 - PUBLIC(13029806.1).xlsx,2.8 Maintenance,50
2020-21,Transmission lines maintenance,Transmission tower support structures,$0's,1664545.2593475608,4143620.5711191744,ElectraNet 2020-21 - Category Analysis - RIN Response - Consolidated - 29 October 2021 - PUBLIC(13029806.1).xlsx,2.8 Maintenance,51
2020-21,Transmission lines maintenance,Conductors,$0's,790658.9981900913,1466989.7790456675,ElectraNet 2020-21 - Category Analysis - RIN Response - Consolidated - 29 October 2021 - PUBLIC(13029806.1).xlsx,2.8 Maintenance,52
2020-21,Transmission lines maintenance,Transmission cables,$0's,310539.2466327427,27014.465300026004,ElectraNet 2020-21 - Category Analysis - RIN Response - Consolidated - 29 October 2021 - PUBLIC(13029806.1).xlsx,2.8 Maintenance,53
2020-21,Substations equipment & property maintenance,Substation switchbays (incl. Reactive plant),$0's,1438457.7963069999,2527285.1375062955,ElectraNet 2020-21 - Category Analysis - RIN Response - Consolidated - 29 October 2021 - PUBLIC(13029806.1).xlsx,2.8 Maintenance,54
2020-21,Substations equipment & property maintenance,Substation power transformers,$0's,1221508.1411058966,1422903.2202991194,ElectraNet 2020-21 - Category Analysis - RIN Response - Consolidated - 29 October 2021 - PUBLIC(13029806.1).xlsx,2.8 Maintenance,55
2020-21,Substations equipment & property maintenance,Substation property,$0's,4146428.322587103,2853874.1921945843,ElectraNet 2020-21 - Category Analysis - RIN Response - Consolidated - 29 October 2021 - PUBLIC(13029806.1).xlsx,2.8 Maintenance,56
2020-21,SCADA & network control maintenance,SCADA & network control maintenance,$0's,2556270.58,475418.71,ElectraNet 2020-21 - Category Analysis - RIN Response - Consolidated - 29 October 2021 - PUBLIC(13029806.1).xlsx,2.8 Maintenance,57
2020-21,Protection systems maintenance,Protection systems maintenance,$0's,3506322.86,924542.26,ElectraNet 2020-21 - Category Analysis - RIN Response - Consolidated - 29 October 2021 - PUBLIC(13029806.1).xlsx,2.8 Maintenance,58
2020-21,Other maintenance activity ,RIGHT OF WAY (ROW) MAINTENANCE,$0's,1839752.33,21893.81,ElectraNet 2020-21 - Category Analysis - RIN Response - Consolidated - 29 October 2021 - PUBLIC(13029806.1).xlsx,2.8 Maintenance,59
2021-22,Transmission lines maintenance,Transmission towers,$0's,2102402.5849604513,9617378.912861472,ElectraNet 2021-22 - Category Analysis - RIN response - 28 October 2022 - PUBLIC(14582813.1).xlsx,2.8 Maintenance,50
2021-22,Transmission lines maintenance,Transmission tower support structures,$0's,2277728.3955203183,4634378.8961385945,ElectraNet 2021-22 - Category Analysis - RIN response - 28 October 2022 - PUBLIC(14582813.1).xlsx,2.8 Maintenance,51
2021-22,Transmission lines maintenance,Conductors,$0's,763962.189711647,1646226.6831063675,ElectraNet 2021-22 - Category Analysis - RIN response - 28 October 2022 - PUBLIC(14582813.1).xlsx,2.8 Maintenance,52
2021-22,Transmission lines maintenance,Transmission cables,$0's,491840.08980758424,127331.90789356535,ElectraNet 2021-22 - Category Analysis - RIN response - 28 October 2022 - PUBLIC(14582813.1).xlsx,2.8 Maintenance,53
2021-22,Substations equipment & property maintenance,Substation switchbays (incl. Reactive plant),$0's,1961154.72945586,3318750.0093960646,ElectraNet 2021-22 - Category Analysis - RIN response - 28 October 2022 - PUBLIC(14582813.1).xlsx,2.8 Maintenance,54
2021-22,Substations equipment & property maintenance,Substation power transformers,$0's,1398698.9040549411,1894248.5666541054,ElectraNet 2021-22 - Category Analysis - RIN response - 28 October 2022 - PUBLIC(14582813.1).xlsx,2.8 Maintenance,55
2021-22,Substations equipment & property maintenance,Substation property,$0's,4128043.4164891983,2756676.6339498297,ElectraNet 2021-22 - Category Analysis - RIN response - 28 October 2022 - PUBLIC(14582813.1).xlsx,2.8 Maintenance,56
2021-22,SCADA & network control maintenance,SCADA & network control maintenance,$0's,2100562.57,401125.57,ElectraNet 2021-22 - Category Analysis - RIN response - 28 October 2022 - PUBLIC(14582813.1).xlsx,2.8 Maintenance,57
2021-22,Protection systems maintenance,Protection systems maintenance,$0's,1876020.25,1217297.63,ElectraNet 2021-22 - Category Analysis - RIN response - 28 October 2022 - PUBLIC(14582813.1).xlsx,2.8 Maintenance,58
2021-22,Other maintenance activity ,Right of Way (Row) Maintenance,$0's,2135124.26,8129.22,ElectraNet 2021-22 - Category Analysis - RIN response - 28 October 2022 - PUBLIC(14582813.1).xlsx,2.8 Maintenance,59
2022-23,Transmission lines maintenance,Transmission towers,$0's,2086788.114197012,6313330.739415282,ElectraNet 2022-23 - Category analysis - RIN responses - Consolidated - 27 October 2023 - PUBLIC(15999621.1).xlsx,2.8 Maintenance,50
2022-23,Transmission lines maintenance,Transmission tower support structures,$0's,2260811.7860691478,3042239.1597737274,ElectraNet 2022-23 - Category analysis - RIN responses - Consolidated - 27 October 2023 - PUBLIC(15999621.1).xlsx,2.8 Maintenance,51
2022-23,Transmission lines maintenance,Conductors,$0's,758288.2691405069,1080665.9087334217,ElectraNet 2022-23 - Category analysis - RIN responses - Consolidated - 27 October 2023 - PUBLIC(15999621.1).xlsx,2.8 Maintenance,52
2022-23,Transmission lines maintenance,Transmission cables,$0's,488187.21059333405,83587.0620775676,ElectraNet 2022-23 - Category analysis - RIN responses - Consolidated - 27 October 2023 - PUBLIC(15999621.1).xlsx,2.8 Maintenance,53
2022-23,Substations equipment & property maintenance,Substation switchbays (incl. Reactive plant),$0's,2318569.3939992194,4639045.744318289,ElectraNet 2022-23 - Category analysis - RIN responses - Consolidated - 27 October 2023 - PUBLIC(15999621.1).xlsx,2.8 Maintenance,54
2022-23,Substations equipment & property maintenance,Substation power transformers,$0's,1653607.6535184102,2647836.000584108,ElectraNet 2022-23 - Category analysis - RIN responses - Consolidated - 27 October 2023 - PUBLIC(15999621.1).xlsx,2.8 Maintenance,55
2022-23,Substations equipment & property maintenance,Substation property,$0's,4880367.15248237,3853363.155097604,ElectraNet 2022-23 - Category analysis - RIN responses - Consolidated - 27 October 2023 - PUBLIC(15999621.1).xlsx,2.8 Maintenance,56
2022-23,SCADA & network control maintenance,SCADA & network control maintenance,$0's,2177166.05,393802.51,ElectraNet 2022-23 - Category analysis - RIN responses - Consolidated - 27 October 2023 - PUBLIC(15999621.1).xlsx,2.8 Maintenance,57
2022-23,Protection systems maintenance,Protection systems maintenance,$0's,1596668.57,947198.82,ElectraNet 2022-23 - Category analysis - RIN responses - Consolidated - 27 October 2023 - PUBLIC(15999621.1).xlsx,2.8 Maintenance,58
2022-23,Other maintenance activity ,Right of Way (Row) Maintenance,$0's,2141473.6,138541.58,ElectraNet 2022-23 - Category analysis - RIN responses - Consolidated - 27 October 2023 - PUBLIC(15999621.1).xlsx,2.8 Maintenance,59
2023-24,Transmission lines maintenance,Transmission towers,$,1852435.8423364665,8762016.110286703,ElectraNet 2023-24 - Category Analysis - RIN response - Consolidated - 31 October 2024 - PUBLIC(17494700.2).xlsx,2.8 Maintenance,51
2023-24,Transmission lines maintenance,Transmission tower support structures,$,2006916.1582812362,4222200.551424189,ElectraNet 2023-24 - Category Analysis - RIN response - Consolidated - 31 October 2024 - PUBLIC(17494700.2).xlsx,2.8 Maintenance,52
2023-24,Transmission lines maintenance,Conductors,$,673130.3283849072,1499812.4592212997,ElectraNet 2023-24 - Category Analysis - RIN response - Consolidated - 31 October 2024 - PUBLIC(17494700.2).xlsx,2.8 Maintenance,53
2023-24,Transmission lines maintenance,Transmission cables,$,433362.39099739055,116007.09906780736,ElectraNet 2023-24 - Category Analysis - RIN response - Consolidated - 31 October 2024 - PUBLIC(17494700.2).xlsx,2.8 Maintenance,54
2023-24,Substations equipment & property maintenance,Substation switchbays (incl. Reactive plant),$,3299895.3405746147,3687023.345319078,ElectraNet 2023-24 - Category Analysis - RIN response - Consolidated - 31 October 2024 - PUBLIC(17494700.2).xlsx,2.8 Maintenance,55
2023-24,Substations equipment & property maintenance,Substation power transformers,$,2353490.995398588,2104448.5626568296,ElectraNet 2023-24 - Category Analysis - RIN response - Consolidated - 31 October 2024 - PUBLIC(17494700.2).xlsx,2.8 Maintenance,56
2023-24,Substations equipment & property maintenance,Substation property,$,6945964.554026798,3062578.102024092,ElectraNet 2023-24 - Category Analysis - RIN response - Consolidated - 31 October 2024 - PUBLIC(17494700.2).xlsx,2.8 Maintenance,57
2023-24,SCADA & network control maintenance,SCADA & network control maintenance,$,2549910.02,336826.49,ElectraNet 2023-24 - Category Analysis - RIN response - Consolidated - 31 October 2024 - PUBLIC(17494700.2).xlsx,2.8 Maintenance,58
2023-24,Protection systems maintenance,Protection systems maintenance,$,2537317.66,1442503.0,ElectraNet 2023-24 - Category Analysis - RIN response - Consolidated - 31 October 2024 - PUBLIC(17494700.2).xlsx,2.8 Maintenance,59
2023-24,Other maintenance activity ,ROW MAINTENANCE,$,2538162.97,454160.12,ElectraNet 2023-24 - Category Analysis - RIN response - Consolidated - 31 October 2024 - PUBLIC(17494700.2).xlsx,2.8 Maintenance,60
2020-21,Transmission lines maintenance,Transmission towers,$0's,2840936.0000000144,7773311.210980312,Powerlink 2020-21 - Category Analysis - RIN Response - Consolidated - 20 October 2021 - PUBLIC(12941266.1).xlsx,2.8 Maintenance,50
2020-21,Transmission lines maintenance,Transmission tower support structures,$0's,53017.60000000001,28950166.339016367,Powerlink 2020-21 - Category Analysis - RIN Response - Consolidated - 20 October 2021 - PUBLIC(12941266.1).xlsx,2.8 Maintenance,51
2020-21,Transmission lines maintenance,Conductors,$0's,0.0,723780.315138938,Powerlink 2020-21 - Category Analysis - RIN Response - Consolidated - 20 October 2021 - PUBLIC(12941266.1).xlsx,2.8 Maintenance,52
2020-21,Transmission lines maintenance,Transmission cables,$0's,220444.88000000032,8548250.232597137,Powerlink 2020-21 - Category Analysis - RIN Response - Consolidated - 20 October 2021 - PUBLIC(12941266.1).xlsx,2.8 Maintenance,53
2020-21,Substations equipment & property maintenance,Substation switchbays (incl. Reactive plant),$0's,4583217.587999981,14741764.16341809,Powerlink 2020-21 - Category Analysis - RIN Response - Consolidated - 20 October 2021 - PUBLIC(12941266.1).xlsx,2.8 Maintenance,54
2020-21,Substations equipment & property maintenance,Substation power transformers,$0's,1544174.4169999992,3412554.1396866273,Powerlink 2020-21 - Category Analysis - RIN Response - Consolidated - 20 October 2021 - PUBLIC(12941266.1).xlsx,2.8 Maintenance,55
2020-21,Substations equipment & property maintenance,Substation property,$0's,1485737.9250000007,4014437.6353559974,Powerlink 2020-21 - Category Analysis - RIN Response - Consolidated - 20 October 2021 - PUBLIC(12941266.1).xlsx,2.8 Maintenance,56
2020-21,SCADA & network control maintenance,SCADA & network control maintenance,$0's,1119461.8300000003,5362255.67163142,Powerlink 2020-21 - Category Analysis - RIN Response - Consolidated - 20 October 2021 - PUBLIC(12941266.1).xlsx,2.8 Maintenance,57
2020-21,Protection systems maintenance,Protection systems maintenance,$0's,979355.0199999982,2260944.2122846562,Powerlink 2020-21 - Category Analysis - RIN Response - Consolidated - 20 October 2021 - PUBLIC(12941266.1).xlsx,2.8 Maintenance,58
2020-21,Other maintenance activity ,Tramsission tower support structures,$0's,,,Powerlink 2020-21 - Category Analysis - RIN Response - Consolidated - 20 October 2021 - PUBLIC(12941266.1).xlsx,2.8 Maintenance,59
2020-21,,Corridor maintenance (Non vegetation),$0's,5554.47,397031.896290448,Powerlink 2020-21 - Category Analysis - RIN Response - Consolidated - 20 October 2021 - PUBLIC(12941266.1).xlsx,2.8 Maintenance,60
2021-22,Transmission lines maintenance,Transmission towers,$0's,2764277.1800000034,8197698.901035492,Powerlink 2021-22 - Category analysis - Consolidated - 26 October 2022 - PUBLIC(14556313.1).xlsx,2.8 Maintenance,50
2021-22,Transmission lines maintenance,Transmission tower support structures,$0's,113010.50999999997,22029787.14595901,Powerlink 2021-22 - Category analysis - Consolidated - 26 October 2022 - PUBLIC(14556313.1).xlsx,2.8 Maintenance,51
2021-22,Transmission lines maintenance,Conductors,$0's,0.0,2062792.9493119996,Powerlink 2021-22 - Category analysis - Consolidated - 26 October 2022 - PUBLIC(14556313.1).xlsx,2.8 Maintenance,52
2021-22,Transmission lines maintenance,Transmission cables,$0's,168717.9500000001,4360635.254556499,Powerlink 2021-22 - Category analysis - Consolidated - 26 October 2022 - PUBLIC(14556313.1).xlsx,2.8 Maintenance,53
2021-22,Substations equipment & property maintenance,Substation switchbays (incl. Reactive plant),$0's,5381286.541999959,16313889.729245998,Powerlink 2021-22 - Category analysis - Consolidated - 26 October 2022 - PUBLIC(14556313.1).xlsx,2.8 Maintenance,54
2021-22,Substations equipment & property maintenance,Substation power transformers,$0's,1617482.9779999987,4652850.208344001,Powerlink 2021-22 - Category analysis - Consolidated - 26 October 2022 - PUBLIC(14556313.1).xlsx,2.8 Maintenance,55
2021-22,Substations equipment & property maintenance,Substation property,$0's,1872858.7799999942,4688158.604650004,Powerlink 2021-22 - Category analysis - Consolidated - 26 October 2022 - PUBLIC(14556313.1).xlsx,2.8 Maintenance,56
2021-22,SCADA & network control maintenance,SCADA & network control maintenance,$0's,1370722.1599999988,4634534.143880008,Powerlink 2021-22 - Category analysis - Consolidated - 26 October 2022 - PUBLIC(14556313.1).xlsx,2.8 Maintenance,57
2021-22,Protection systems maintenance,Protection systems maintenance,$0's,855778.0000000028,2733477.7607744974,Powerlink 2021-22 - Category analysis - Consolidated - 26 October 2022 - PUBLIC(14556313.1).xlsx,2.8 Maintenance,58
2021-22,Other maintenance activity ,Transmission tower support structures,$0's,,,Powerlink 2021-22 - Category analysis - Consolidated - 26 October 2022 - PUBLIC(14556313.1).xlsx,2.8 Maintenance,59
2021-22,,Corridor maintenance (non vegetation),$0's,5411.980000000002,1821578.2222424995,Powerlink 2021-22 - Category analysis - Consolidated - 26 October 2022 - PUBLIC(14556313.1).xlsx,2.8 Maintenance,60
2022-23,Transmission lines maintenance,Transmission towers,$,4337653.0,3537960.0,Powerlink 2022-23 - Category Analysis - RIN Response - Consolidated - 27 October 2023 - PUBLIC(15996094.1).xlsx,2.8 Maintenance,51
2022-23,Transmission lines maintenance,Transmission tower support structures,$,120920.0,27945669.0,Powerlink 2022-23 - Category Analysis - RIN Response - Consolidated - 27 October 2023 - PUBLIC(15996094.1).xlsx,2.8 Maintenance,52
2022-23,Transmission lines maintenance,Conductors,$,0.0,547980.0,Powerlink 2022-23 - Category Analysis - RIN Response - Consolidated - 27 October 2023 - PUBLIC(15996094.1).xlsx,2.8 Maintenance,53
2022-23,Transmission lines maintenance,Transmission cables,$,230268.0,618509.0,Powerlink 2022-23 - Category Analysis - RIN Response - Consolidated - 27 October 2023 - PUBLIC(15996094.1).xlsx,2.8 Maintenance,54
2022-23,Substations equipment & property maintenance,Substation switchbays (incl. Reactive plant),$,6269276.0,18401672.0,Powerlink 2022-23 - Category Analysis - RIN Response - Consolidated - 27 October 2023 - PUBLIC(15996094.1).xlsx,2.8 Maintenance,55
2022-23,Substations equipment & property maintenance,Substation power transformers,$,1103131.0,3044185.0,Powerlink 2022-23 - Category Analysis - RIN Response - Consolidated - 27 October 2023 - PUBLIC(15996094.1).xlsx,2.8 Maintenance,56
2022-23,Substations equipment & property maintenance,Substation property,$,2309614.0,9662588.0,Powerlink 2022-23 - Category Analysis - RIN Response - Consolidated - 27 October 2023 - PUBLIC(15996094.1).xlsx,2.8 Maintenance,57
2022-23,SCADA & network control maintenance,SCADA & network control maintenance,$,1997879.0,5501340.0,Powerlink 2022-23 - Category Analysis - RIN Response - Consolidated - 27 October 2023 - PUBLIC(15996094.1).xlsx,2.8 Maintenance,58
2022-23,Protection systems maintenance,Protection systems maintenance,$,910800.0,2052985.0,Powerlink 2022-23 - Category Analysis - RIN Response - Consolidated - 27 October 2023 - PUBLIC(15996094.1).xlsx,2.8 Maintenance,59
2022-23,Other maintenance activity ,Transmission tower support structures,$,,,Powerlink 2022-23 - Category Analysis - RIN Response - Consolidated - 27 October 2023 - PUBLIC(15996094.1).xlsx,2.8 Maintenance,60
2022-23,,Corridor maintenance (non veg),$,6149.0,3346936.0,Powerlink 2022-23 - Category Analysis - RIN Response - Consolidated - 27 October 2023 - PUBLIC(15996094.1).xlsx,2.8 Maintenance,61
2023-24,Transmission lines maintenance,Transmission towers,$,4114442.461499992,4435768.91869999,Powerlink 2023-24 - Category Analysis - RIN Response - Consolidated - 28 October 2024 - PUBLIC(17452408.1).xlsx,2.8 Maintenance,51
2023-24,Transmission lines maintenance,Transmission tower support structures,$,79674.74399999996,22351036.215200022,Powerlink 2023-24 - Category Analysis - RIN Response - Consolidated - 28 October 2024 - PUBLIC(17452408.1).xlsx,2.8 Maintenance,52
2023-24,Transmission lines maintenance,Conductors,$,0.0,251540.56999999998,Powerlink 2023-24 - Category Analysis - RIN Response - Consolidated - 28 October 2024 - PUBLIC(17452408.1).xlsx,2.8 Maintenance,53
2023-24,Transmission lines maintenance,Transmission cables,$,237941.61000000066,654330.8800000005,Powerlink 2023-24 - Category Analysis - RIN Response - Consolidated - 28 October 2024 - PUBLIC(17452408.1).xlsx,2.8 Maintenance,54
2023-24,Substations equipment & property maintenance,Substation switchbays (incl. Reactive plant),$,7085515.795999972,18768856.200699843,Powerlink 2023-24 - Category Analysis - RIN Response - Consolidated - 28 October 2024 - PUBLIC(17452408.1).xlsx,2.8 Maintenance,55
2023-24,Substations equipment & property maintenance,Substation power transformers,$,1442174.4496000016,5414100.97350001,Powerlink 2023-24 - Category Analysis - RIN Response - Consolidated - 28 October 2024 - PUBLIC(17452408.1).xlsx,2.8 Maintenance,56
2023-24,Substations equipment & property maintenance,Substation property,$,2401594.0562000056,13231336.356500003,Powerlink 2023-24 - Category Analysis - RIN Response - Consolidated - 28 October 2024 - PUBLIC(17452408.1).xlsx,2.8 Maintenance,57
2023-24,SCADA & network control maintenance,SCADA & network control maintenance,$,2082777.090400001,6187779.07829998,Powerlink 2023-24 - Category Analysis - RIN Response - Consolidated - 28 October 2024 - PUBLIC(17452408.1).xlsx,2.8 Maintenance,58
2023-24,Protection systems maintenance,Protection systems maintenance,$,1039544.86,4336162.843799991,Powerlink 2023-24 - Category Analysis - RIN Response - Consolidated - 28 October 2024 - PUBLIC(17452408.1).xlsx,2.8 Maintenance,59
2023-24,Other maintenance activity ,Transmission Towers Support,$,,,Powerlink 2023-24 - Category Analysis - RIN Response - Consolidated - 28 October 2024 - PUBLIC(17452408.1).xlsx,2.8 Maintenance,60
2023-24,,Corridor Maintenance (Non-Veg),$,7676.85,3765969.496399998,Powerlink 2023-24 - Category Analysis - RIN Response - Consolidated - 28 October 2024 - PUBLIC(17452408.1).xlsx,2.8 Maintenance,61
2018-19,Transmission lines maintenance,Transmission towers,$0's,3356928.96208788,9814196.73244444,Transgrid 2018-19 - Category Analysis - RIN Response - Consolidated - 31 October 2019 - PUBLIC D19-175594.XLSM.xlsx,2.8 Maintenance,50
2018-19,Transmission lines maintenance,Transmission tower support structures,$0's,,,Transgrid 2018-19 - Category Analysis - RIN Response - Consolidated - 31 October 2019 - PUBLIC D19-175594.XLSM.xlsx,2.8 Maintenance,51
2018-19,Transmission lines maintenance,Conductors,$0's,277910.239090828,403113.475856888,Transgrid 2018-19 - Category Analysis - RIN Response - Consolidated - 31 October 2019 - PUBLIC D19-175594.XLSM.xlsx,2.8 Maintenance,52
2018-19,Transmission lines maintenance,Transmission cables,$0's,596604.124865623,590501.571100314,Transgrid 2018-19 - Category Analysis - RIN Response - Consolidated - 31 October 2019 - PUBLIC D19-175594.XLSM.xlsx,2.8 Maintenance,53
2018-19,Substations equipment & property maintenance,Substation switchbays (incl. Reactive plant),$0's,2291589.81497789,3106949.03509366,Transgrid 2018-19 - Category Analysis - RIN Response - Consolidated - 31 October 2019 - PUBLIC D19-175594.XLSM.xlsx,2.8 Maintenance,54
2018-19,Substations equipment & property maintenance,Substation power transformers,$0's,1355585.08240546,729491.981192129,Transgrid 2018-19 - Category Analysis - RIN Response - Consolidated - 31 October 2019 - PUBLIC D19-175594.XLSM.xlsx,2.8 Maintenance,55
2018-19,Substations equipment & property maintenance,Substation property,$0's,2411056.21325687,6445688.08106201,Transgrid 2018-19 - Category Analysis - RIN Response - Consolidated - 31 October 2019 - PUBLIC D19-175594.XLSM.xlsx,2.8 Maintenance,56
2018-19,SCADA & network control maintenance,SCADA & network control maintenance,$0's,56625.8462591599,354612.262380175,Transgrid 2018-19 - Category Analysis - RIN Response - Consolidated - 31 October 2019 - PUBLIC D19-175594.XLSM.xlsx,2.8 Maintenance,57
2018-19,Protection systems maintenance,Protection systems maintenance,$0's,633403.975845889,1009507.43181769,Transgrid 2018-19 - Category Analysis - RIN Response - Consolidated - 31 October 2019 - PUBLIC D19-175594.XLSM.xlsx,2.8 Maintenance,58
2018-19,Other maintenance activity ,Metering,$0's,546802.826051476,250935.188744235,Transgrid 2018-19 - Category Analysis - RIN Response - Consolidated - 31 October 2019 - PUBLIC D19-175594.XLSM.xlsx,2.8 Maintenance,59
2018-19,,Communications,$0's,422078.79481913,3215328.28629985,Transgrid 2018-19 - Category Analysis - RIN Response - Consolidated - 31 October 2019 - PUBLIC D19-175594.XLSM.xlsx,2.8 Maintenance,60
2019-20,Transmission lines maintenance,Transmission towers,$0's,7822629.0,5742999.0,"TransGrid 2019-20 - Category Analysis - RIN Response - Consolidated - 30 October 2020 - PUBLIC (#11,665,158).xlsx",2.8 Maintenance,50
2019-20,Transmission lines maintenance,Transmission tower support structures,$0's,,,"TransGrid 2019-20 - Category Analysis - RIN Response - Consolidated - 30 October 2020 - PUBLIC (#11,665,158).xlsx",2.8 Maintenance,51
2019-20,Transmission lines maintenance,Conductors,$0's,256886.0,442186.0,"TransGrid 2019-20 - Category Analysis - RIN Response - Consolidated - 30 October 2020 - PUBLIC (#11,665,158).xlsx",2.8 Maintenance,52
2019-20,Transmission lines maintenance,Transmission cables,$0's,700597.0,349755.0,"TransGrid 2019-20 - Category Analysis - RIN Response - Consolidated - 30 October 2020 - PUBLIC (#11,665,158).xlsx",2.8 Maintenance,53
2019-20,Substations equipment & property maintenance,Substation switchbays (incl. Reactive plant),$0's,2141113.0,2375999.0399311,"TransGrid 2019-20 - Category Analysis - RIN Response - Consolidated - 30 October 2020 - PUBLIC (#11,665,158).xlsx",2.8 Maintenance,54
2019-20,Substations equipment & property maintenance,Substation power transformers,$0's,810521.0,517455.0,"TransGrid 2019-20 - Category Analysis - RIN Response - Consolidated - 30 October 2020 - PUBLIC (#11,665,158).xlsx",2.8 Maintenance,55
2019-20,Substations equipment & property maintenance,Substation property,$0's,3251541.0,8476088.0,"TransGrid 2019-20 - Category Analysis - RIN Response - Consolidated - 30 October 2020 - PUBLIC (#11,665,158).xlsx",2.8 Maintenance,56
2019-20,SCADA & network control maintenance,SCADA & network control maintenance,$0's,62913.0,662521.0,"TransGrid 2019-20 - Category Analysis - RIN Response - Consolidated - 30 October 2020 - PUBLIC (#11,665,158).xlsx",2.8 Maintenance,57
2019-20,Protection systems maintenance,Protection systems maintenance,$0's,474680.0,617568.0,"TransGrid 2019-20 - Category Analysis - RIN Response - Consolidated - 30 October 2020 - PUBLIC (#11,665,158).xlsx",2.8 Maintenance,58
2019-20,Other maintenance activity ,Metering,$0's,496996.0,236808.0,"TransGrid 2019-20 - Category Analysis - RIN Response - Consolidated - 30 October 2020 - PUBLIC (#11,665,158).xlsx",2.8 Maintenance,59
2019-20,,Communications,$0's,510652.0,2725499.0,"TransGrid 2019-20 - Category Analysis - RIN Response - Consolidated - 30 October 2020 - PUBLIC (#11,665,158).xlsx",2.8 Maintenance,60
2019-20,,Bushfire Remediation,$0's,,8302044.0,"TransGrid 2019-20 - Category Analysis - RIN Response - Consolidated - 30 October 2020 - PUBLIC (#11,665,158).xlsx",2.8 Maintenance,61
2020-21,Transmission lines maintenance,Transmission towers,$0's,5169028.0,5912289.0,TransGrid 2020-21 - Category Analysis - RIN Response - Consolidated - 29 October 2021 - PUBLIC(13029988.1).xlsx,2.8 Maintenance,50
2020-21,Transmission lines maintenance,Transmission tower support structures,$0's,0.0,0.0,TransGrid 2020-21 - Category Analysis - RIN Response - Consolidated - 29 October 2021 - PUBLIC(13029988.1).xlsx,2.8 Maintenance,51
2020-21,Transmission lines maintenance,Conductors,$0's,505044.0,465658.0,TransGrid 2020-21 - Category Analysis - RIN Response - Consolidated - 29 October 2021 - PUBLIC(13029988.1).xlsx,2.8 Maintenance,52
2020-21,Transmission lines maintenance,Transmission cables,$0's,601551.0,351328.0,TransGrid 2020-21 - Category Analysis - RIN Response - Consolidated - 29 October 2021 - PUBLIC(13029988.1).xlsx,2.8 Maintenance,53
2020-21,Substations equipment & property maintenance,Substation switchbays (incl. Reactive plant),$0's,2102979.0,2746524.0,TransGrid 2020-21 - Category Analysis - RIN Response - Consolidated - 29 October 2021 - PUBLIC(13029988.1).xlsx,2.8 Maintenance,54
2020-21,Substations equipment & property maintenance,Substation power transformers,$0's,1146164.0,606471.0,TransGrid 2020-21 - Category Analysis - RIN Response - Consolidated - 29 October 2021 - PUBLIC(13029988.1).xlsx,2.8 Maintenance,55
2020-21,Substations equipment & property maintenance,Substation property,$0's,5218591.0,5672945.0,TransGrid 2020-21 - Category Analysis - RIN Response - Consolidated - 29 October 2021 - PUBLIC(13029988.1).xlsx,2.8 Maintenance,56
2020-21,SCADA & network control maintenance,SCADA & network control maintenance,$0's,45777.0,567934.0,TransGrid 2020-21 - Category Analysis - RIN Response - Consolidated - 29 October 2021 - PUBLIC(13029988.1).xlsx,2.8 Maintenance,57
2020-21,Protection systems maintenance,Protection systems maintenance,$0's,533046.0,520189.0,TransGrid 2020-21 - Category Analysis - RIN Response - Consolidated - 29 October 2021 - PUBLIC(13029988.1).xlsx,2.8 Maintenance,58
2020-21,Other maintenance activity ,Metering,$0's,300237.0,198491.0,TransGrid 2020-21 - Category Analysis - RIN Response - Consolidated - 29 October 2021 - PUBLIC(13029988.1).xlsx,2.8 Maintenance,59
2020-21,,Communications,$0's,378559.0,2053836.0,TransGrid 2020-21 - Category Analysis - RIN Response - Consolidated - 29 October 2021 - PUBLIC(13029988.1).xlsx,2.8 Maintenance,60
2020-21,,Bushfire Remediation,$0's,,5298843.0,TransGrid 2020-21 - Category Analysis - RIN Response - Consolidated - 29 October 2021 - PUBLIC(13029988.1).xlsx,2.8 Maintenance,61
2022-23,Transmission lines maintenance,Transmission towers,$,5452948.0,8181433.0,Transgrid 2022-23 - Category analysis - RIN response - Consolidated - 31 October 2023 - PUBLIC(15993699.2).xlsx,2.8 Maintenance,51
2022-23,Transmission lines maintenance,Transmission tower support structures,$,,,Transgrid 2022-23 - Category analysis - RIN response - Consolidated - 31 October 2023 - PUBLIC(15993699.2).xlsx,2.8 Maintenance,52
2022-23,Transmission lines maintenance,Conductors,$,471823.0,603304.0,Transgrid 2022-23 - Category analysis - RIN response - Consolidated - 31 October 2023 - PUBLIC(15993699.2).xlsx,2.8 Maintenance,53
2022-23,Transmission lines maintenance,Transmission cables,$,734356.0,418379.0,Transgrid 2022-23 - Category analysis - RIN response - Consolidated - 31 October 2023 - PUBLIC(15993699.2).xlsx,2.8 Maintenance,54
2022-23,Substations equipment & property maintenance,Substation switchbays (incl. Reactive plant),$,1454533.0,2611448.0,Transgrid 2022-23 - Category analysis - RIN response - Consolidated - 31 October 2023 - PUBLIC(15993699.2).xlsx,2.8 Maintenance,55
2022-23,Substations equipment & property maintenance,Substation power transformers,$,1560406.0,1464114.0,Transgrid 2022-23 - Category analysis - RIN response - Consolidated - 31 October 2023 - PUBLIC(15993699.2).xlsx,2.8 Maintenance,56
2022-23,Substations equipment & property maintenance,Substation property,$,6165173.0,7152146.0,Transgrid 2022-23 - Category analysis - RIN response - Consolidated - 31 October 2023 - PUBLIC(15993699.2).xlsx,2.8 Maintenance,57
2022-23,SCADA & network control maintenance,SCADA & network control maintenance,$,32712.0,510468.0,Transgrid 2022-23 - Category analysis - RIN response - Consolidated - 31 October 2023 - PUBLIC(15993699.2).xlsx,2.8 Maintenance,58
2022-23,Protection systems maintenance,Protection systems maintenance,$,1150739.0,617753.0,Transgrid 2022-23 - Category analysis - RIN response - Consolidated - 31 October 2023 - PUBLIC(15993699.2).xlsx,2.8 Maintenance,59
2022-23,Other maintenance activity ,Metering,$,499217.0,220259.0,Transgrid 2022-23 - Category analysis - RIN response - Consolidated - 31 October 2023 - PUBLIC(15993699.2).xlsx,2.8 Maintenance,60
2022-23,,Communications,$,400286.0,1439324.0,Transgrid 2022-23 - Category analysis - RIN response - Consolidated - 31 October 2023 - PUBLIC(15993699.2).xlsx,2.8 Maintenance,61
2022-23,,Bushfire Remediation,$,,18157008.0,Transgrid 2022-23 - Category analysis - RIN response - Consolidated - 31 October 2023 - PUBLIC(15993699.2).xlsx,2.8 Maintenance,62
2023-24,Transmission lines maintenance,Transmission towers,$,4904687.0,8339590.0,Transgrid 2023-24 - Category Analysis - RIN Response - Consolidated - 31 October 2024 - PUBLIC(17496053.2).xlsx,2.8 Maintenance,51
2023-24,Transmission lines maintenance,Transmission tower support structures,$,,,Transgrid 2023-24 - Category Analysis - RIN Response - Consolidated - 31 October 2024 - PUBLIC(17496053.2).xlsx,2.8 Maintenance,52
2023-24,Transmission lines maintenance,Conductors,$,30327.0,697621.0,Transgrid 2023-24 - Category Analysis - RIN Response - Consolidated - 31 October 2024 - PUBLIC(17496053.2).xlsx,2.8 Maintenance,53
2023-24,Transmission lines maintenance,Transmission cables,$,673999.0,221566.0,Transgrid 2023-24 - Category Analysis - RIN Response - Consolidated - 31 October 2024 - PUBLIC(17496053.2).xlsx,2.8 Maintenance,54
2023-24,Substations equipment & property maintenance,Substation switchbays (incl. Reactive plant),$,1443408.0,2857558.0,Transgrid 2023-24 - Category Analysis - RIN Response - Consolidated - 31 October 2024 - PUBLIC(17496053.2).xlsx,2.8 Maintenance,55
2023-24,Substations equipment & property maintenance,Substation power transformers,$,1740202.0,1731508.0,Transgrid 2023-24 - Category Analysis - RIN Response - Consolidated - 31 October 2024 - PUBLIC(17496053.2).xlsx,2.8 Maintenance,56
2023-24,Substations equipment & property maintenance,Substation property,$,6745046.0,4178675.0,Transgrid 2023-24 - Category Analysis - RIN Response - Consolidated - 31 October 2024 - PUBLIC(17496053.2).xlsx,2.8 Maintenance,57
2023-24,SCADA & network control maintenance,SCADA & network control maintenance,$,244307.0,734891.0,Transgrid 2023-24 - Category Analysis - RIN Response - Consolidated - 31 October 2024 - PUBLIC(17496053.2).xlsx,2.8 Maintenance,58
2023-24,Protection systems maintenance,Protection systems maintenance,$,981666.0,872758.0,Transgrid 2023-24 - Category Analysis - RIN Response - Consolidated - 31 October 2024 - PUBLIC(17496053.2).xlsx,2.8 Maintenance,59
2023-24,Other maintenance activity ,Metering,$,532963.0,224549.0,Transgrid 2023-24 - Category Analysis - RIN Response - Consolidated - 31 October 2024 - PUBLIC(17496053.2).xlsx,2.8 Maintenance,60
2023-24,,Communications,$,345441.0,1626967.0,Transgrid 2023-24 - Category Analysis - RIN Response - Consolidated - 31 October 2024 - PUBLIC(17496053.2).xlsx,2.8 Maintenance,61
