source_workbook,extraction_status,run_report_reporting_period,extracted_reporting_period,manifest_local_filename,business,manifest_reporting_period,landing_page_url,source_page_url,metadata_match_status
AusNet (T) 2019-20 - Category Analysis - RIN Response - Consolidated - 28 July 2020 - PUBLIC(11429287.3).xlsx,success,2019-20,2019-20,AusNet (T) 2019-20 - Category Analysis - RIN Response - Consolidated - 28 July 2020 - PUBLIC(11429287.3).xlsx,AusNet Transmission,2019-20,https://www.aer.gov.au/documents/ausnet-services-transmission-2019-20-category-analysis-rin-templates,https://www.aer.gov.au/search?search=AusNet+Transmission+2019%E2%80%9320&sort_by=relevance,validated_manifest_match
AusNet (T) 2020-21 - Category Analysis - RIN Response - Consolidated - 29 July 2021 - PU(12595757.1).xlsx,success,2020-21,2020-21,AusNet (T) 2020-21 - Category Analysis - RIN Response - Consolidated - 29 July 2021 - PU(12595757.1).xlsx,AusNet Transmission,2020-21,https://www.aer.gov.au/documents/ausnet-services-transmission-2020-21-category-analysis-rin-templates,https://www.aer.gov.au/authors/ausnet-services-t?page=4,validated_manifest_match
AusNet (T) 2021-22 - Category Analysis - RIN Response - Consolidated - 28 July 2022 - PUBLIC(14205738.1).xlsx,success,2021-22,2021-22,AusNet (T) 2021-22 - Category Analysis - RIN Response - Consolidated - 28 July 2022 - PUBLIC(14205738.1).xlsx,AusNet Transmission,2021-22,https://www.aer.gov.au/documents/ausnet-services-transmission-2021-22-category-analysis-rin-templates,https://www.aer.gov.au/authors/ausnet-services-t?page=4,validated_manifest_match
Ausnet Services (ET) 2022-23 - Category Analysis - RIN Response - Consolidated - 28 July 2023 - PUBLIC(15600825.1).xlsx,success,2022-23,2022-23,Ausnet Services (ET) 2022-23 - Category Analysis - RIN Response - Consolidated - 28 July 2023 - PUBLIC(15600825.1).xlsx,AusNet Transmission,2022-23,https://www.aer.gov.au/documents/ausnet-services-transmission-2022-23-category-analysis-rin-templates,https://www.aer.gov.au/authors/ausnet-services-t?page=4,validated_manifest_match
Ausnet Services (ET) 2023-24 - Category Analysis - RIN Response - Consolidated - 26 July 2024 - PUBLIC(17069098.2).xlsx,success,2023-24,2023-24,Ausnet Services (ET) 2023-24 - Category Analysis - RIN Response - Consolidated - 26 July 2024 - PUBLIC(17069098.2).xlsx,AusNet Transmission,2023-24,https://www.aer.gov.au/documents/ausnet-services-transmission-2023-24-category-analysis-rin-templates,https://www.aer.gov.au/authors/ausnet-services-t?page=4,validated_manifest_match
Copy of D14-00150087(V02) - transgrid (t) 2013-14 - category analysis rin response - templates - consolidated - 31 october 2014 - public.xlsm,success,2013-14,2013-14,Copy of D14-00150087(V02) - transgrid (t) 2013-14 - category analysis rin response - templates - consolidated - 31 october 2014 - public.xlsm,Transgrid,2013-14,https://www.aer.gov.au/documents/transgrid-transmission-2013-14-category-analysis-rin-templates,https://www.aer.gov.au/authors/transgrid-t?page=3,validated_manifest_match
Copy of D16 147530(V3)  ElectraNet 2015-16 - Category Analysis RIN Response - Public Version - 31 October 2016 - PUBLIC.xlsm,success,2015-16,2015-16,Copy of D16 147530(V3)  ElectraNet 2015-16 - Category Analysis RIN Response - Public Version - 31 October 2016 - PUBLIC.xlsm,ElectraNet,2015-16,https://www.aer.gov.au/documents/electranet-2015-16-category-analysis-rin-templates,https://www.aer.gov.au/authors/electranet?page=11,validated_manifest_match
Copy of D17 153782  ElectraNet 2016-17 - Category Analysis RIN - Template - 31 October 2017 - PUBLIC.xlsm,success,2016-17,2016-17,Copy of D17 153782  ElectraNet 2016-17 - Category Analysis RIN - Template - 31 October 2017 - PUBLIC.xlsm,ElectraNet,2016-17,https://www.aer.gov.au/documents/electranet-2016-17-category-analysis-rin-templates,https://www.aer.gov.au/authors/electranet?page=14,validated_manifest_match
DORIS - D18-158142 Transgrid 2017-18 - Category Analysis RIN - Templates - Public.XLSM,success,2017-18,2017-18,DORIS - D18-158142 Transgrid 2017-18 - Category Analysis RIN - Templates - Public.XLSM,Transgrid,2017-18,https://www.aer.gov.au/documents/transgrid-2017-18-category-analysis-rin-templates,https://www.aer.gov.au/authors/transgrid-t?page=2,validated_manifest_match
DORIS - D18-158267 ElectraNet 2017-18 - Category Analysis RIN - Template - Public.XLSM,success,2017-18,2017-18,DORIS - D18-158267 ElectraNet 2017-18 - Category Analysis RIN - Template - Public.XLSM,ElectraNet,2017-18,https://www.aer.gov.au/documents/electranet-2017-18-category-analysis-rin-templates,https://www.aer.gov.au/authors/electranet,validated_manifest_match
ElectraNet 2018-19 - Category Analysis - RIN Response - Consolidated - 31 October 2019 - PUBLIC D19-175655.xlsx,success,2018-19,2018-19,ElectraNet 2018-19 - Category Analysis - RIN Response - Consolidated - 31 October 2019 - PUBLIC D19-175655.xlsx,ElectraNet,2018-19,https://www.aer.gov.au/documents/electranet-2018-19-category-analysis-rin-templates,https://www.aer.gov.au/authors/electranet?page=2,validated_manifest_match
ElectraNet 2019-20 - Category Analysis - RIN Response - Consolidated - 30 October 2020 - PUBLIC (#11672792).xlsx,success,2019-20,2019-20,ElectraNet 2019-20 - Category Analysis - RIN Response - Consolidated - 30 October 2020 - PUBLIC (#11672792).xlsx,ElectraNet,2019-20,https://www.aer.gov.au/documents/electranet-2019-20-category-analysis-rin-templates,https://www.aer.gov.au/authors/electranet?page=1,validated_manifest_match
ElectraNet 2020-21 - Category Analysis - RIN Response - Consolidated - 29 October 2021 - PUBLIC(13029806.1).xlsx,success,2020-21,2020-21,ElectraNet 2020-21 - Category Analysis - RIN Response - Consolidated - 29 October 2021 - PUBLIC(13029806.1).xlsx,ElectraNet,2020-21,https://www.aer.gov.au/documents/electranet-2020-21-category-analysis-rin-templates,https://www.aer.gov.au/authors/electranet?page=6,validated_manifest_match
ElectraNet 2021-22 - Category Analysis - RIN response - 28 October 2022 - PUBLIC(14582813.1).xlsx,success,2021-22,2021-22,ElectraNet 2021-22 - Category Analysis - RIN response - 28 October 2022 - PUBLIC(14582813.1).xlsx,ElectraNet,2021-22,https://www.aer.gov.au/documents/electranet-2021-22-category-analysis-rin-templates,https://www.aer.gov.au/authors/electranet?page=21,validated_manifest_match
ElectraNet 2022-23 - Category analysis - RIN responses - Consolidated - 27 October 2023 - PUBLIC(15999621.1).xlsx,success,2022-23,2022-23,ElectraNet 2022-23 - Category analysis - RIN responses - Consolidated - 27 October 2023 - PUBLIC(15999621.1).xlsx,ElectraNet,2022-23,https://www.aer.gov.au/documents/electranet-2022-23-category-analysis-rin-templates,https://www.aer.gov.au/authors/electranet?page=8,validated_manifest_match
ElectraNet 2023-24 - Category Analysis - RIN response - Consolidated - 31 October 2024 - PUBLIC(17494700.2).xlsx,success,2023-24,2023-24,ElectraNet 2023-24 - Category Analysis - RIN response - Consolidated - 31 October 2024 - PUBLIC(17494700.2).xlsx,ElectraNet,2023-24,https://www.aer.gov.au/documents/electranet-2023-24-category-analysis-rin-templates,https://www.aer.gov.au/authors/electranet?page=23,validated_manifest_match
Powerlink 2019-20 - Category Analysis - RIN Response - Consolidated - 23 October 2020 - PUBLIC (11647526.2).xlsx,success,2019-20,2019-20,Powerlink 2019-20 - Category Analysis - RIN Response - Consolidated - 23 October 2020 - PUBLIC (11647526.2).xlsx,Powerlink,2019-20,https://www.aer.gov.au/documents/powerlink-2019-20-category-analysis-rin-templates,https://www.aer.gov.au/search?search=Powerlink+2019%E2%80%9320,validated_manifest_match
Powerlink 2020-21 - Category Analysis - RIN Response - Consolidated - 20 October 2021 - PUBLIC(12941266.1).xlsx,success,2020-21,2020-21,Powerlink 2020-21 - Category Analysis - RIN Response - Consolidated - 20 October 2021 - PUBLIC(12941266.1).xlsx,Powerlink,2020-21,https://www.aer.gov.au/documents/powerlink-2020-21-category-analysis-rin-templates,https://www.aer.gov.au/authors/powerlink?page=11,validated_manifest_match
Powerlink 2021-22 - Category analysis - Consolidated - 26 October 2022 - PUBLIC(14556313.1).xlsx,success,2021-22,2021-22,Powerlink 2021-22 - Category analysis - Consolidated - 26 October 2022 - PUBLIC(14556313.1).xlsx,Powerlink,2021-22,https://www.aer.gov.au/documents/powerlink-2021-22-category-analysis-rin-templates,https://www.aer.gov.au/authors/powerlink?page=12,validated_manifest_match
Powerlink 2022-23 - Category Analysis - RIN Response - Consolidated - 27 October 2023 - PUBLIC(15996094.1).xlsx,success,2022-23,2022-23,Powerlink 2022-23 - Category Analysis - RIN Response - Consolidated - 27 October 2023 - PUBLIC(15996094.1).xlsx,Powerlink,2022-23,https://www.aer.gov.au/documents/powerlink-2022-23-category-analysis-rin-templates,https://www.aer.gov.au/authors/powerlink?page=12,validated_manifest_match
Powerlink 2023-24 - Category Analysis - RIN Response - Consolidated - 28 October 2024 - PUBLIC(17452408.1).xlsx,success,2023-24,2023-24,Powerlink 2023-24 - Category Analysis - RIN Response - Consolidated - 28 October 2024 - PUBLIC(17452408.1).xlsx,Powerlink,2023-24,https://www.aer.gov.au/documents/powerlink-2023-24-category-analysis-rin-templates,https://www.aer.gov.au/authors/powerlink?page=3,validated_manifest_match
Transgrid 2018-19 - Category Analysis - RIN Response - Consolidated - 31 October 2019 - PUBLIC D19-175594.XLSM.xlsx,success,2018-19,2018-19,Transgrid 2018-19 - Category Analysis - RIN Response - Consolidated - 31 October 2019 - PUBLIC D19-175594.XLSM.xlsx,Transgrid,2018-19,https://www.aer.gov.au/documents/transgrid-2018-19-category-analysis-rin-templates,https://www.aer.gov.au/authors/transgrid-t?page=2,validated_manifest_match
"TransGrid 2019-20 - Category Analysis - RIN Response - Consolidated - 30 October 2020 - PUBLIC (#11,665,158).xlsx",success,2019-20,2019-20,"TransGrid 2019-20 - Category Analysis - RIN Response - Consolidated - 30 October 2020 - PUBLIC (#11,665,158).xlsx",Transgrid,2019-20,https://www.aer.gov.au/documents/transgrid-2019-20-category-analysis-rin-templates,https://www.aer.gov.au/authors/transgrid-t?page=3,validated_manifest_match
TransGrid 2020-21 - Category Analysis - RIN Response - Consolidated - 29 October 2021 - PUBLIC(13029988.1).xlsx,success,2020-21,2020-21,TransGrid 2020-21 - Category Analysis - RIN Response - Consolidated - 29 October 2021 - PUBLIC(13029988.1).xlsx,Transgrid,2020-21,https://www.aer.gov.au/documents/transgrid-2020-21-category-analysis-rin-templates,https://www.aer.gov.au/authors/transgrid-t,validated_manifest_match
Transgrid 2021-22 - Category Analysis - RIN Response - Consolidated - 31 October 2022 - PUBLIC(14550262.2).xlsx,success,2021-22,2021-22,Transgrid 2021-22 - Category Analysis - RIN Response - Consolidated - 31 October 2022 - PUBLIC(14550262.2).xlsx,Transgrid,2021-22,https://www.aer.gov.au/documents/transgrid-2021-22-category-analysis-rin-templates,https://www.aer.gov.au/search?search=Transgrid+2021%E2%80%9322,validated_manifest_match
Transgrid 2022-23 - Category analysis - RIN response - Consolidated - 31 October 2023 - PUBLIC(15993699.2).xlsx,success,2022-23,2022-23,Transgrid 2022-23 - Category analysis - RIN response - Consolidated - 31 October 2023 - PUBLIC(15993699.2).xlsx,Transgrid,2022-23,https://www.aer.gov.au/documents/transgrid-2022-23-category-analysis-rin-templates,https://www.aer.gov.au/authors/transgrid-t,validated_manifest_match
Transgrid 2023-24 - Category Analysis - RIN Response - Consolidated - 31 October 2024 - PUBLIC(17496053.2).xlsx,success,2023-24,2023-24,Transgrid 2023-24 - Category Analysis - RIN Response - Consolidated - 31 October 2024 - PUBLIC(17496053.2).xlsx,Transgrid,2023-24,https://www.aer.gov.au/documents/transgrid-2023-24-category-analysis-rin-templates,https://www.aer.gov.au/authors/transgrid-t,validated_manifest_match
